{
    "Runoff_Results": {
        "Total_CN": 61.73202614379085,
        "Final_k_c": 0.4065359477124183,
        "S": 157.45579671784017,
        "I_a": 31.491159343568036,
        "ET_daily": 0.22359477124183008,
        "P_e": 0.0,
        "F": 0.0
    },
    "Pollutant_Results": [
        {
            "Subbasin": 1,
            "CN": 92,
            "k_c": 0.18,
            "S": 22.086956521739136,
            "I_a": 4.417391304347827,
            "ET_daily": 0.099,
            "P_e": 0.7874257523993133,
            "P_e_subbasin": 2.8741039962574937,
            "P_e_subbasin_liters": 2874.1039962574937,
            "F": 3.6961829432528592,
            "LU_Code": 23,
            "TN_Pollutant": 19687.61237436383,
            "TP_Pollutant": 3305.2195956961173,
            "BOD_Pollutant": 3391442.7155838427,
            "TSS_Pollutant": 405248.6634723066
        },
        {
            "Subbasin": 2,
            "CN": 94,
            "k_c": 0.06,
            "S": 16.212765957446802,
            "I_a": 3.2425531914893604,
            "ET_daily": 0.033,
            "P_e": 1.5087789137933176,
            "P_e_subbasin": 6.110554600862936,
            "P_e_subbasin_liters": 6110.554600862936,
            "F": 4.215667894717321,
            "LU_Code": 24,
            "TN_Pollutant": 55606.04686785272,
            "TP_Pollutant": 8799.198625242629,
            "BOD_Pollutant": 7577087.705070041,
            "TSS_Pollutant": 1545359.2585582365
        },
        {
            "Subbasin": 3,
            "CN": 30,
            "k_c": 0.7,
            "S": 592.6666666666667,
            "I_a": 118.53333333333336,
            "ET_daily": 0.385,
            "P_e": 0.0,
            "P_e_subbasin": 0.0,
            "P_e_subbasin_liters": 0.0,
            "F": 0.0,
            "LU_Code": 41,
            "TN_Pollutant": 0.0,
            "TP_Pollutant": 0.0,
            "BOD_Pollutant": 0.0,
            "TSS_Pollutant": 0.0
        }
    ]
}